год,2987
срок,2810
либо,2285
размер,1663
лишение,1502
свобода,1352
определённый,1068
иной,1016
лицо,954
работа,922
наказываться,919
осудить,820
тысяча,793
рубль,763
статья,759
таковой,736
штраф,725
доход,707
период,679
плата,664
заработный,663
настоящий,635
деятельность,613
пять,598
право,596
преступление,571
деяние,555
принудительный,543
должность,540
занимать,530
),528
заниматься,518
совершенный,473
предусмотренный,445
ограничение,413
месяц,390
часть,385
наказание,362
группа,336
крупный,308
шесть,297
четыре,276
миллион,263
совершение,255
федерация,247
российский,246
кодекс,234
средство,230
обязательный,227
повлечь,224
тяжкий,210
триста,209
исправительный,207
пятьсот,200
часы,193
частью,189
восемьдесят,184
совершить,180
отношение,177
суд,176
который,174
организация,166
мочь,163
сто,162
применение,160
особо,160
использование,160
также,158
это,158
б,157
равно,155
уголовный,152
организовать,149
арест,149
сумма,146
цель,144
предварительный,139
примечание,136
двести,135
сговор,133
причинение,132
ущерб,132
незаконный,131
государственный,131
случай,130
признаваться,128
ответственность,127
неосторожность,127
четыреста,125
вред,123
несовершеннолетний,122
закон,121
десять,121
действие,120
семь,119
вид,118
вещество,116
человек,109
свой,109
заведомо,108
двадцать,105
здоровье,105
последствие,104
превышать,102
орган,101
имущество,100
смерть,93
указанный,92
нарушение,90
восемнадцать,88
служба,88
сила,87
насилие,87
восемь,86
положение,85
служебный,85
федеральный,85
возраст,82
причинить,82
гражданин,81
отбывание,79
характер,78
пятнадцать,78
соответствующий,77
военный,76
медицинский,76
угроза,75
наркотический,75
психотропный,75
назначить,73
информация,73
опасный,70
должностной,69
законодательство,68
установленный,66
подкуп,66
содержание,66
правило,66
государство,65
состояние,65
предмет,64
приговор,63
мера,62
оружие,62
денежный,61
место,60
шестьдесят,60
потерпевший,60
иностранный,59
соответствие,59
исполнение,59
обязанность,59
коммерческий,58
виновный,57
условие,57
воинский,56
взятка,56
референдум,56
общественный,55
содержимый,55
n,55
фз,55
освобождаться,55
интерес,54
документ,54
утратить,53
сбыт,53
обстоятельство,52
оно,52
путём,51
сведение,51
достигнуть,50
законный,50
порядок,49
иметь,49
день,49
осуществление,48
умышленный,48
административный,48
двенадцать,48
уничтожение,48
ценный,48
являться,47
предел,47
специальный,47
опасность,46
тяжесть,45
назначение,45
участие,45
стоимость,45
массовый,45
результат,44
бумага,44
находиться,43
особенный,43
сопрячь,43
жизнь,43
имущественный,42
решение,42
значительный,42
дисциплинарный,42
производство,42
пожизненный,41
объект,41
качество,40
социальный,40
время,39
число,39
учёт,39
назначаться,39
лечение,39
хранение,39
менее,38
сорок,38
состав,37
уклонение,37
прекурсор,37
транспортный,37
пониматься,37
приобретение,37
территория,36
осуществлять,36
``,36
пятьдесят,36
подлежать,35
основание,35
услуга,35
'',35
передача,35
публичный,35
международный,34
безопасность,34
средний,34
власть,34
учреждение,34
мотив,34
связь,34
дело,33
добровольно,33
получение,33
фонд,33
психический,32
имя,32
охранять,31
содержаться,31
финансовый,31
судебный,31
взнос,31
совокупность,30
исключение,30
течение,30
сеть,30
страхов,30
против,29
представление,29
повреждение,29
юридический,29
небольшой,28
помощь,28
ненависть,28
вражда,28
участник,28
материал,28
эксплуатация,28
избирательный,28
семьсот,28
общество,27
физический,27
судимость,27
строгий,27
изготовление,27
ребёнок,27
впервые,27
помещение,27
составлять,27
ложный,27
террористический,27
таможенный,27
настоящее,26
товар,26
женщина,26
освобождение,26
перевозка,26
растение,26
представитель,25
военнослужащий,25
сфера,25
общий,25
связанный,25
сообщество,25
предоставление,25
далее,25
момент,25
контроль,25
способствовать,25
корыстный,25
распространение,25
личность,24
наступление,24
осуждение,24
расстройство,24
создание,24
половый,24
освободить,24
преступный,23
предусмотреть,23
требование,23
акт,23
близкие,23
существенный,23
информационнотелекоммуникационный,23
проведение,23
сбор,23
общественно,22
максимальный,22
наличие,22
ранее,22
вследствие,22
возможность,22
принуждение,22
смертный,22
казнь,22
комиссия,22
религиозный,22
использовать,22
продукция,22
хищение,22
направить,21
условный,21
четырнадцатилетний,21
способ,21
дополнительный,21
система,21
поведение,21
раскрытие,21
пункт,21
функция,21
оказывать,21
побуждение,21
чужое,21
культурный,21
охрана,20
обеспечение,20
признак,20
хотя,20
применяться,20
основный,20
уплата,20
граница,20
дача,20
компьютерный,20
налог,20
гражданство,19
рецидив,19
аналог,19
отказ,19
прекращение,19
признать,19
уполномоченный,19
изменение,19
заболевание,19
экстремистский,19
вымогательство,19
извлечение,19
отбывать,18
отсутствие,18
мягкий,18
подлежащее,18
профессиональный,18
достижение,18
пребывание,18
полтора,18
условнодосрочный,18
стационарный,18
владелец,18
предназначить,18
воспрепятствование,18
поддельный,18
индивидуальный,18
алкогольный,18
степень,17
водный,17
необходимый,17
материальный,17
муниципальный,17
призыв,17
специализировать,17
оказание,17
заключение,17
испытательный,17
условно,17
давность,17
психиатрический,17
внесение,17
соединить,17
продажа,17
полномочие,17
тайна,17
неправомерный,17
голосование,17
неоднократно,17
предприниматель,17
реестр,17
зона,16
зависимость,16
полный,16
опьянение,16
член,16
подготовка,16
неисполнение,16
отбытие,16
выполнение,16
расчёт,16
неприкосновенность,16
стража,16
расследование,16
национальный,16
вооружённый,16
тип,16
сексуальный,16
обращение,16
изъятие,16
самоубийство,16
подвергнуть,16
руководитель,16
изделие,16
смягчающий,15
договор,15
вопрос,15
дать,15
запретить,15
свыше,15
учитываться,15
отсрочка,15
убийство,15
задержание,15
назначать,15
е,15
выплата,15
восемнадцатилетний,15
воспитательный,15
политический,15
какойлибо,15
взрывчатый,15
воздействие,15
полностью,15
истечение,15
деньга,15
ценность,15
правонарушение,15
марка,15
валюта,15
тридцатикратный,15
ресурс,15
служащий,15
окружающий,14
объединение,14
вступление,14
выдача,14
исполнитель,14
создать,14
незаконно,14
надзор,14
исполнительный,14
счёт,14
колония,14
беременность,14
треть,14
расовый,14
возложить,14
родитель,14
собрание,14
перемещение,14
личный,14
избиратель,14
заинтересованность,14
вовлечение,14
сооружение,14
недостоверный,14
правительство,14
выполнять,14
наследие,14
представлять,13
участвовать,13
субъект,13
данный,13
исправление,13
инструмент,13
злостный,13
уголовноисполнительный,13
регистрация,13
осуществляться,13
замена,13
идеологический,13
устройство,13
терроризм,13
наркомания,13
обучение,13
стать,13
администрация,13
прохождение,13
глава,13
склонение,13
показание,13
сокрытие,13
занятие,13
официальный,13
операция,13
внебюджетный,13
десятикратный,13
биологический,13
инфраструктура,13
определять,12
определяться,12
должный,12
воздушный,12
отягчать,12
превышение,12
экологический,12
управлять,12
вынесение,12
процент,12
возмещение,12
наиболее,12
соглашение,12
беспомощный,12
технический,12
реабилитация,12
получить,12
форма,12
управление,12
конфискация,12
союз,12
оборудование,12
причина,12
активно,12
заражение,12
девять,12
сообщить,12
двадцатикратный,12
насаждение,12
среда,11
посягательство,11
независимо,11
жительство,11
нести,11
образ,11
распространяться,11
отбыть,11
фактический,11
предвидеть,11
организатор,11
единый,11
необходимость,11
з,11
устанавливаться,11
переместить,11
проходить,11
заменить,11
неотбытый,11
засчитываться,11
согласие,11
принять,11
любой,11
остаться,11
взрывной,11
радиоактивный,11
возместить,11
убыток,11
хулиганский,11
публично,11
утрата,11
сделка,11
бюллетень,11
демонстрация,11
банковский,11
доля,11
знак,11
спортивный,11
пересылка,11
сорокакратный,11
специалист,11
лесной,11
установить,10
новый,10
исключительный,10
привлечение,10
временной,10
приготовление,10
соучастник,10
сообщение,10
несколько,10
закупка,10
местный,10
самоуправление,10
следователь,10
систематический,10
наблюдение,10
рамка,10
евразэс,10
финансирование,10
насильственный,10
обман,10
аналогичный,10
уважительный,10
оставление,10
фальсификация,10
подделка,10
электронный,10
мошенничество,10
страхование,10
посредничество,10
поражение,10
производить,10
шестидесятикратный,10
морской,10
огнестрельный,10
дознание,10
вне,9
влечь,9
осознавать,9
исключать,9
вменяемость,9
покушение,9
орудие,9
конец,9
добровольный,9
распоряжение,9
признанный,9
взыскание,9
исчисляться,9
работник,9
удержание,9
частично,9
труд,9
мужчина,9
особый,9
режим,9
частичный,9
страдать,9
лекарственный,9
судья,9
окончательный,9
больной,9
реализация,9
бюджет,9
разрешение,9
прекратить,9
формирование,9
похищение,9
произведение,9
кредитный,9
маркировка,9
спортсмен,9
перевод,9
природный,9
неуплаченный,9
несчастный,9
пятидесятикратный,9
эксперт,9
семидесятикратный,9
гибель,9
транспорт,9
боеприпас,9
информационный,9
доказательство,9
предупреждение,8
весь,8
постоянно,8
наступать,8
руководить,8
относиться,8
предотвращение,8
заранее,8
руководство,8
пресечение,8
бедствие,8
приказ,8
учёба,8
производиться,8
установление,8
постоянный,8
правовой,8
сложение,8
тридцать,8
половина,8
данные,8
сильнодействующий,8
беспорядок,8
внутренний,8
освобождать,8
здравоохранение,8
исполнять,8
загладить,8
оборот,8
дальнейший,8
болезнь,8
воспитание,8
учебновоспитательный,8
закрытый,8
гражданский,8
ситуация,8
противоправный,8
ненадлежащий,8
обещание,8
вербовка,8
проституция,8
шантаж,8
обвинение,8
проникновение,8
входящая,8
кандидат,8
структурный,8
подразделение,8
разглашение,8
источник,8
розничный,8
хозяйственный,8
поджог,8
восемьсот,8
возбудить,8
пограничный,8
подряд,8
сдать,8
обнаружение,8
управленческий,8
самовольный,8
животное,8
ввоз,8
порнографический,8
критический,8
новое,7
соответствовать,7
достоинство,7
реальный,7
вызвать,7
специально,7
непосредственно,7
добыть,7
защита,7
заключаться,7
контрактный,7
контракт,7
присвоение,7
тюрьма,7
население,7
активный,7
долг,7
ядовитый,7
прокурор,7
применить,7
присяжный,7
заседатель,7
отмена,7
бюджетный,7
ходатайство,7
отсрочить,7
совершать,7
считаться,7
освидетельствование,7
неуплата,7
выступление,7
демонстрироваться,7
вичинфекция,7
искусственный,7
обязать,7
удостоверять,7
клевета,7
сношение,7
жилой,7
выборы,7
список,7
оплата,7
неправильный,7
уплатить,7
вступить,7
уставный,7
лицензия,7
пользование,7
переработка,7
налоговый,7
наличный,7
следственный,7
вопреки,7
пятикратный,7
химический,7
судный,7
небрежный,7
утверждаться,7
народ,7
свидетель,7
предусматривать,6
включение,6
собственность,6
устанавливать,6
происхождение,6
применять,6
экономический,6
нахождение,6
проживать,6
привлекаться,6
зависеть,6
доведение,6
подстрекатель,6
своевременный,6
указание,6
устранение,6
скрыть,6
оборона,6
непосредственный,6
нападение,6
полезный,6
звание,6
награда,6
нужда,6
инспекция,6
вместо,6
следующий,6
нормативный,6
влияние,6
малолетний,6
тяжёлый,6
главый,6
месть,6
особа,6
жестокость,6
чрезвычайный,6
оказать,6
пропаганда,6
поддержка,6
учитывать,6
факт,6
нуждаться,6
рассмотрение,6
экспертиза,6
соблюдение,6
погашение,6
продолжительность,6
требовать,6
выявить,6
программа,6
доступ,6
вмешательство,6
подставной,6
итог,6
необоснованный,6
промышленный,6
оскорбление,6
спиртосодержащий,6
нотариально,6
удостоверить,6
нетрудоспособный,6
размещение,6
предпринимательский,6
банка,6
блокирование,6
разрушение,6
взрыв,6
банкротство,6
акцизный,6
табачный,6
техника,6
драгоценный,6
утвердить,6
строительство,6
некоммерческий,6
ядерный,6
метод,6
археологический,6
загрязнение,6
движение,6
предоставлять,6
начальник,6
лично,6
недобросовестный,6
правосудие,6
несение,6
конституция,5
равный,5
наступить,5
страдание,5
унижение,5
территориальный,5
неосторожный,5
категория,5
каждый,5
признание,5
шестнадцатилетний,5
умысел,5
отказаться,5
фактически,5
пособник,5
совет,5
обещать,5
приобрести,5
действующий,5
выгода,5
посягать,5
правомерный,5
возможный,5
решаться,5
заменяться,5
санкция,5
сохранение,5
свободный,5
беременный,5
проживание,5
выезд,5
образование,5
отменить,5
обвинительный,5
помилование,5
стечение,5
издевательство,5
конфликт,5
сотрудник,5
разбирательство,5
пройти,5
трудоспособность,5
снятие,5
уклоняться,5
отменять,5
перечислить,5
досуг,5
запрет,5
механический,5
образовательный,5
перечень,5
продление,5
внести,5
принадлежащий,5
принятие,5
разбой,5
изнасилование,5
нанесение,5
неполный,5
расходование,5
ход,5
пенсия,5
пособие,5
платёж,5
участок,5
модификация,5
депозитарный,5
учредитель,5
план,5
подлог,5
немаркированный,5
известный,5
соревнование,5
зрелищный,5
излишний,5
ограниченный,5
ликвидация,5
исчислить,5
такса,5
валютный,5
агент,5
фиктивный,5
недоимка,5
пеня,5
шестьсот,5
дорожный,5
разрешить,5
создавать,5
отравлять,5
интернет,5
проводить,5
предприятие,5
спорт,5
субстанция,5
рекламирование,5
изображение,5
добыча,5
посредник,5
взяточничество,5
паспорт,5
отправление,5
номер,5
дезертирство,5
наряд,5
война,5
состоять,4
норма,4
конституционный,4
преступность,4
полый,4
раса,4
национальность,4
язык,4
религия,4
принадлежность,4
невиновный,4
отбываться,4
корабль,4
какоголибо,4
невменяемость,4
употребление,4
потенциально,4
психоактивный,4
предотвратить,4
окончить,4
предпринять,4
совместно,4
немой,4
устойчивый,4
обороняться,4
допустить,4
явно,4
избежать,4
явный,4
крайний,4
обоснованный,4
риск,4
почётный,4
классный,4
чин,4
семья,4
повышенный,4
прийти,4
вывод,4
четырнадцать,4
явиться,4
повинный,4
доверие,4
оправдание,4
содействие,4
наполовину,4
первое,4
последний,4
исполняться,4
курс,4
венерический,4
декларирование,4
следствие,4
предпочтение,4
старший,4
судебнопсихиатрический,4
негодный,4
кроме,4
шестнадцать,4
уровень,4
сутки,4
педагогический,4
амбулаторный,4
интенсивный,4
инициатива,4
родственник,4
знать,4
общеопасный,4
найм,4
ткань,4
возникнуть,4
жестокий,4
предложение,4
побои,4
заложник,4
поставить,4
мужеложство,4
лесбиянство,4
собирание,4
негласный,4
комплекс,4
ведомо,4
жилища,4
инициативный,4
удостоверение,4
действительный,4
порча,4
протокол,4
приём,4
увольнение,4
страховой,4
стипендия,4
возбуждение,4
задолженность,4
неуважение,4
митинг,4
шествие,4
пикетирование,4
совершеннолетний,4
кража,4
хранилище,4
кредитор,4
обработка,4
вверить,4
научный,4
завладение,4
автомобиль,4
недвижимость,4
земельный,4
тренер,4
конкурс,4
выпуск,4
избежание,4
транспортировка,4
вооружение,4
древесина,4
сдача,4
вознаграждение,4
пятнадцатикратный,4
преимущество,4
частное,4
финансировать,4
обучающийся,4
железнодорожный,4
переделка,4
ремонт,4
важный,4
занести,4
красный,4
книга,4
отравление,4
поиск,4
захоронение,4
установка,4
путь,4
несоблюдение,4
копирование,4
направленность,4
восьмидесятикратный,4
пристав,4
неявка,4
въезд,4
постановка,4
регистрационный,4
принцип,3
задача,3
строй,3
мир,3
уголовноправовый,3
допускаться,3
действовать,3
пространство,3
континентальный,3
шельф,3
судно,3
открытый,3
пользоваться,3
иметься,3
обязательство,3
выдать,3
осуждаться,3
отменяться,3
снятой,3
развитие,3
одурманивать,3
умышленно,3
достаточный,3
неоконченный,3
ссылка,3
довести,3
совместный,3
уговор,3
препятствие,3
преступник,3
след,3
остальной,3
удаться,3
прямо,3
косвенно,3
обстановка,3
угрожать,3
отдать,3
литр,3
метр,3
наш,3
величина,3
кратный,3
заказчик,3
исходить,3
невозможный,3
согласование,3
определение,3
инвалид,3
рядовой,3
сержантский,3
отслужить,3
направление,3
зачёт,3
преследование,3
жизненный,3
явка,3
способствование,3
изобличение,3
повторно,3
досудебный,3
сотрудничество,3
облегчить,3
мучение,3
боев,3
имитировать,3
предоставить,3
ниже,3
низкий,3
отдельный,3
четверть,3
предыдущий,3
прошедшее,3
уведомление,3
уклониться,3
привлечь,3
продлить,3
систематически,3
перестать,3
двукратный,3
выявление,3
январь,3
перечисление,3
истечь,3
приостанавливаться,3
возобновляться,3
препятствовать,3
заменять,3
окончание,3
направлять,3
амнистия,3
поместить,3
обратить,3
сокращаться,3
трудовой,3
навык,3
дом,3
нуждающийся,3
соответственно,3
передать,3
обслуживание,3
врачапсихиатр,3
осуществить,3
контролировать,3
врачейпсихиатр,3
начало,3
безвозмездный,3
обвинять,3
входящий,3
процессуальный,3
психотравмирующий,3
длительный,3
выразиться,3
стойкий,3
боль,3
похитить,3
пытка,3
понуждение,3
противоречащий,3
высокий,3
укрывательство,3
честь,3
двенадцатилетний,3
частный,3
описание,3
прибор,3
свойство,3
обладать,3
жилищный,3
подсчёт,3
голос,3
автоматизированный,3
выбор,3
перечисленный,3
компенсация,3
выдвижение,3
подпись,3
невыплата,3
обособленный,3
выражать,3
церемония,3
существование,3
трудоспособный,3
нефтепровод,3
нефтепродуктопровод,3
газопровод,3
трубопровод,3
мелкий,3
злоупотребление,3
преднамеренный,3
сторона,3
ввод,3
грабёж,3
искажение,3
занижение,3
этиловый,3
спирт,3
пищевой,3
хозяйство,3
владение,3
товарный,3
доверить,3
команда,3
эмиссионный,3
инсайдерский,3
сырьё,3
металл,3
камень,3
резидент,3
подложный,3
арбитражный,3
выполнить,3
экспертный,3
девяностократный,3
супруг,3
захват,3
сопротивление,3
осквернение,3
здание,3
проектирование,3
жизнеобеспечение,3
приведение,3
электросвязь,3
сигнализация,3
подземный,3
область,3
газовый,3
стратегически,3
дикий,3
отпуск,3
вывоз,3
культивирование,3
потребление,3
неправительственный,3
мероприятие,3
слой,3
машина,3
борьба,3
фашизм,3
ответственный,3
запас,3
мор,3
остров,3
разработка,3
рост,3
самоходный,3
методика,3
организм,3
отнести,3
дерево,3
кустарник,3
лиана,3
полёт,3
защитник,3
переводчик,3
правоохранительный,3
пересечение,3
ссср,3
штамп,3
печать,3
защитить,3
кузов,3
шасси,3
двигатель,3
подчинённый,3
агрессивный,3
наёмник,3
наказуемость,2
убеждение,2
объективный,2
справедливый,2
обеспечивать,2
человеческий,2
обратный,2
смягчать,2
сокращение,2
признавать,2
регулировать,2
вправе,2
отсутствовать,2
предоставляться,2
направляться,2
погасить,2
вменяемый,2
алкоголь,2
прямая,2
косвенный,2
желать,2
легкомыслие,2
небрежность,2
самонадеянно,2
рассчитывать,2
причиняться,2
охватываться,2
несоответствие,2
приискание,2
привести,2
соучастие,2
наряду,2
склонить,2
содействовать,2
сбыть,2
соисполнитель,2
отвечать,2
одновременно,2
объединиться,2
эксцесс,2
объективно,2
риска,2
многий,2
катастрофа,2
неделя,2
исчислять,2
лишить,2
основной,2
возлагать,2
дополнить,2
постановлять,2
изоляция,2
единственный,2
нравственность,2
шестидесятипятилетний,2
основа,2
правомерность,2
уголовнопроцессуальный,2
роль,2
изготовить,2
препарат,2
одежда,2
р,2
сокрытый,2
существенно,2
заслуживать,2
снисхождение,2
значение,2
вновь,2
самостоятельно,2
изолятор,2
камерный,2
домашний,2
выработка,2
политика,2
нормативноправовый,2
регулирование,2
доказать,2
провозглашение,2
токсикомания,2
командование,2
постановить,2
вынести,2
объём,2
эквивалентный,2
декларация,2
счесть,2
предшествовать,2
наложить,2
люба,2
делать,2
объявить,2
дума,2
индивидуально,2
сократить,2
исполниться,2
особенность,2
возложение,2
завершение,2
связать,2
излечение,2
процесс,2
самый,2
произвести,2
возвращение,2
приобщить,2
выносить,2
матерь,2
новорождённый,2
внезапно,2
сильный,2
душевный,2
волнение,2
аморальный,2
прерывание,2
лёгкое,2
нравственный,2
воля,2
заведомый,2
предупредить,2
неоказание,2
пациент,2
старость,2
репутация,2
разница,2
семейный,2
обладатель,2
бытовой,2
строение,2
миновать,2
оплачивать,2
платный,2
необоснованно,2
занизить,2
расценка,2
пожертвование,2
расход,2
неверный,2
составление,2
определить,2
проголосовать,2
журналист,2
предпенсионный,2
работодатель,2
филиал,2
представительство,2
авторство,2
автор,2
авторский,2
смежный,2
экземпляр,2
фонограмма,2
изобретение,2
модель,2
образец,2
богослужение,2
обряд,2
бродяжничество,2
низменный,2
усыновление,2
польза,2
собственник,2
производственный,2
договорный,2
кредитование,2
страхователь,2
растрата,2
исторический,2
художественный,2
огонь,2
недвижимый,2
кадастровый,2
номинальный,2
зарегистрировать,2
именной,2
доверенность,2
подтверждение,2
подтверждать,2
межевой,2
обследование,2
проект,2
межевание,2
продовольственный,2
сельский,2
найти,2
придание,2
продукт,2
кредит,2
конкуренция,2
наименование,2
несанкционированный,2
проспект,2
входить,2
запись,2
манипулирование,2
рынок,2
сформироваться,2
созыв,2
инвестиционный,2
акционер,2
избрание,2
акция,2
возникновение,2
билет,2
центральный,2
металлический,2
монета,2
носитель,2
технология,2
научнотехнический,2
экспортный,2
невозвращение,2
жемчуг,2
заготовить,2
недра,2
нерезидент,2
однократно,2
провести,2
отчуждение,2
должник,2
ввести,2
несостоятельность,2
вменяться,2
исчисление,2
исполнить,2
база,2
начисление,2
непредставление,2
начислить,2
чековый,2
письменный,2
задекларировать,2
чек,2
приёмка,2
временно,2
организационнораспорядительный,2
административнохозяйственный,2
оборонный,2
заказ,2
охранный,2
выходить,2
поручение,2
дестабилизация,2
атомный,2
энергия,2
пособничество,2
июль,2
идеология,2
знание,2
практический,2
умение,2
психологический,2
изучение,2
несообщение,2
рассматривать,2
готовиться,2
отдых,2
иерархия,2
угон,2
энергетика,2
подача,2
потребитель,2
электрический,2
магистральный,2
ведение,2
строительный,2
ношение,2
холодное,2
метательный,2
метрополитен,2
включить,2
i,2
медицина,2
культура,2
притон,2
фармацевтический,2
санитарноэпидемиологический,2
фальсифицировать,2
недоброкачественный,2
биологически,2
добавка,2
заявить,2
третье,2
земля,2
залегание,2
надругательство,2
умерший,2
животный,2
отход,2
эпизоотия,2
растительный,2
заповедник,2
заказник,2
атмосфера,2
вредный,2
исследование,2
разведка,2
ископаемое,2
охота,2
птица,2
звереть,2
рубка,2
трамвай,2
пассажир,2
требоваться,2
нейтрализация,2
шпионаж,2
доверенный,2
целостность,2
включая,2
нежелательный,2
покровительство,2
какуюлибо,2
взяткодатель,2
взяткополучатель,2
подозревать,2
оперативноразыскной,2
провокация,2
образцов,2
изпод,2
неоднократный,2
надлежащий,2
рсфср,2
идентификационный,2
бланк,2
упаковка,2
боевой,2
дежурство,2
караульная,2
командир,2
вождение,2
развязывание,2
слава,2
россия,2
основываться,1
общепризнанный,1
человечество,1
уголовноправовой,1
аналогия,1
вино,1
вменение,1
никто,1
дважды,1
устранять,1
улучшать,1
усиливать,1
ухудшать,1
море,1
приписать,1
порту,1
дипломатический,1
иммунитет,1
разрешаться,1
дислоцироваться,1
формально,1
малозначительность,1
подразделяться,1
изменить,1
отставание,1
хронический,1
слабоумие,1
болезненный,1
психика,1
служить,1
лишь,1
неизбежность,1
сознательно,1
допускать,1
безразличный,1
внимательность,1
предусмотрительность,1
целое,1
психофизиологический,1
экстремальный,1
нервнопсихический,1
перегрузка,1
приспособление,1
окончательно,1
посредством,1
недоведение,1
договориться,1
структурировать,1
объединить,1
неожиданность,1
оценить,1
обратиться,1
доставление,1
задержать,1
представляться,1
задерживать,1
чрезмерный,1
вызывать,1
устранить,1
устраняться,1
сохранить,1
восстановление,1
справедливость,1
рассрочка,1
запрещение,1
бесплатный,1
район,1
довольствие,1
выслуга,1
очередной,1
уходить,1
издавать,1
альтернатива,1
перечислять,1
нарушитель,1
пятидесятипятилетний,1
шестидесятилетний,1
гауптвахта,1
свидетельствовать,1
колониюпоселение,1
лечебный,1
колонияхпоселение,1
засчитывать,1
взаимность,1
неприменение,1
смочь,1
обеспечить,1
случайный,1
несовершеннолетие,1
сострадание,1
противоправность,1
аморальность,1
повод,1
розыск,1
моральный,1
заглаживание,1
рассмотреть,1
беззащитный,1
садизм,1
припас,1
химикофармакологический,1
стихийный,1
форменный,1
заключить,1
какиелибо,1
касаться,1
уменьшать,1
групповой,1
вердикт,1
оказаться,1
недостаточный,1
отдельно,1
поглощение,1
присоединить,1
ещё,1
друг,1
присоединяться,1
большой,1
присоединение,1
колониипоселение,1
штрафной,1
считать,1
менять,1
посещать,1
алкоголизм,1
трудиться,1
продолжить,1
общеобразовательный,1
нарушать,1
скрыться,1
состояться,1
деятельный,1
раскаяние,1
примириться,1
двукратное,1
декларант,1
подать,1
актив,1
наказуемый,1
поощрение,1
целесообразность,1
злостно,1
избрать,1
лишать,1
заболеть,1
выздоровление,1
продолжать,1
изъявить,1
желание,1
подтвердить,1
ремиссия,1
длительность,1
истекший,1
объявляться,1
круг,1
президент,1
судить,1
несудимый,1
погашаться,1
досрочно,1
вести,1
безупречно,1
снять,1
аннулировать,1
самостоятельный,1
заработок,1
взыскиваться,1
посильный,1
разъяснение,1
повторный,1
возлагаться,1
посещение,1
местность,1
предъявить,1
возвратиться,1
трудоустроиться,1
исчерпывающий,1
подход,1
прекращаться,1
восстановить,1
пропустить,1
освоение,1
улучшение,1
уход,1
реж,1
проводиться,1
лечить,1
врач,1
близкий,1
подаваться,1
уголовно,1
последующий,1
ежегодно,1
поздний,1
отпадать,1
возникать,1
возобновление,1
отпадение,1
выписка,1
превратить,1
преобразовать,1
недостаточность,1
взамен,1
сопоставимый,1
очередь,1
решить,1
возмещаться,1
обращаться,1
кровный,1
бандитизм,1
сразу,1
роды,1
аффект,1
потеря,1
зрение,1
речь,1
слух,1
неизгладимый,1
обезображивание,1
кратковременный,1
незначительный,1
захватить,1
опасаться,1
трансплантация,1
поставление,1
заразить,1
своевременно,1
согласиться,1
профиль,1
самосохранение,1
малолетство,1
беспомощность,1
забота,1
купляпродажа,1
рабский,1
подневольный,1
присущий,1
госпитализация,1
порочить,1
подрывать,1
подпадать,1
поскольку,1
понимать,1
брак,1
развратный,1
дискриминация,1
какимлибо,1
указывать,1
переписка,1
телефонный,1
переговоры,1
почтовый,1
телеграфный,1
намеренно,1
придать,1
скрытый,1
аудиозапись,1
видеозапись,1
фотофиксация,1
накапливать,1
жилище,1
жила,1
нежилой,1
пригодный,1
собранный,1
затрагивать,1
повлиять,1
именно,1
компетенция,1
помимо,1
предельный,1
выдвинуть,1
заверение,1
подделать,1
открепительный,1
неучтенный,1
выражаться,1
вымышленный,1
отметка,1
приводить,1
невозможность,1
волеизъявление,1
подписание,1
заполнение,1
заполнить,1
возрастной,1
пенсионный,1
минимальный,1
правообладатель,1
контрафактный,1
заявитель,1
сущность,1
публикация,1
соавторство,1
чувство,1
верующий,1
попрошайничество,1
антиобщественный,1
подмен,1
приёмный,1
тайный,1
сумка,1
ручной,1
класть,1
постройка,1
заёмщик,1
субсидия,1
умолчание,1
относительно,1
удаление,1
функционирование,1
позорить,1
организационноправовой,1
самостоятельность,1
кадастр,1
капиталь,1
количество,1
обременение,1
переходящий,1
наследование,1
достоверность,1
клиент,1
отзыв,1
инженер,1
картуплан,1
подготовить,1
картаплан,1
азартный,1
игра,1
декабрь,1
обязательно,1
разместить,1
вклад,1
невнесение,1
введение,1
заблуждение,1
персональный,1
возмездный,1
нефть,1
льготный,1
целевой,1
прямой,1
кредиторский,1
хозяйствовать,1
субъектамиконкурент,1
ограничивать,1
антимонопольный,1
сходный,1
обозначение,1
однородный,1
предупредительный,1
пробирный,1
клеймо,1
жюри,1
утверждение,1
отчёт,1
отклониться,1
поддерживаться,1
отличаться,1
выше,1
регистрировать,1
кворум,1
пай,1
паевой,1
досрочный,1
увеличение,1
капитал,1
реорганизация,1
платёжный,1
карта,1
экспорт,1
доставка,1
вывезти,1
ювелирный,1
лом,1
аффинаж,1
вторичный,1
поднять,1
зачисление,1
расположить,1
причитаться,1
внешнеторговый,1
невыполненный,1
неоказать,1
непереданный,1
интеллектуальный,1
незачислить,1
невозвращенный,1
перевести,1
взимать,1
евразийский,1
партия,1
местонахождение,1
бухгалтерский,1
учётный,1
отражать,1
удовлетворение,1
процедура,1
объявление,1
плательщик,1
уплачивать,1
девятьсот,1
тринадцать,1
налогоплательщик,1
неисчислить,1
неудержанный,1
неперечисленный,1
страхователяорганизация,1
трехкратный,1
вексель,1
указать,1
долевой,1
многоквартирный,1
единоличный,1
директор,1
коллегиальный,1
нотариус,1
аудитор,1
недееспособный,1
детектив,1
охранник,1
регламентировать,1
детективный,1
передавать,1
получать,1
устрашать,1
излучение,1
токсичный,1
осознание,1
заявление,1
практика,1
правильный,1
подражание,1
убеждённость,1
привлекательность,1
допустимость,1
достоверно,1
готовить,1
какоелибо,1
воздержаться,1
дошкольный,1
пассажирский,1
спортивнооздоровительный,1
финансовокредитный,1
подвижный,1
сопровождаться,1
погром,1
хулиганство,1
грубый,1
пресекать,1
вандализм,1
отключение,1
коммунальный,1
подключение,1
технологически,1
автоматика,1
нормальный,1
подводный,1
ведомственный,1
антитеррористический,1
защищенность,1
топливноэнергетический,1
легковоспламеняющийся,1
пиротехнический,1
почта,1
багаж,1
пожарный,1
лежалый,1
гладкоствольный,1
длинноствольный,1
снаряжение,1
патрон,1
поручить,1
комплектовать,1
деталь,1
радиационный,1
речной,1
развлечение,1
распределение,1
учебный,1
ветеринария,1
таблица,1
iv,1
утверждать,1
профилактика,1
инфекционный,1
антидопинговый,1
рецепт,1
давать,1
событие,1
явление,1
незарегистрированный,1
продолжение,1
среди,1
обнажённый,1
изображать,1
фото,1
кино,1
видеосъемка,1
взять,1
восстановительный,1
землеройный,1
вода,1
включать,1
металлоискатель,1
радар,1
магнитный,1
позволять,1
земляной,1
мелиоративный,1
полевой,1
обнаружить,1
тело,1
надмогильный,1
кладбищенский,1
погребение,1
поминовение,1
скульптурный,1
архитектурный,1
посвятить,1
жертва,1
увечье,1
присутствие,1
садистский,1
сельскохозяйственный,1
фон,1
бактериологический,1
микробиологический,1
токсин,1
эпидемия,1
ветеринарный,1
вредитель,1
засорение,1
истощение,1
поверхностный,1
вод,1
питьевой,1
водоснабжение,1
рыбный,1
выброс,1
загрязнять,1
воздух,1
суша,1
сброс,1
возвести,1
вокруг,1
судоходство,1
удобрение,1
стимулятор,1
ядохимикат,1
горнодобывающий,1
застройка,1
площадь,1
плавать,1
электроток,1
истребление,1
нерест,1
миграционный,1
котик,1
бобров,1
млекопитающее,1
запретный,1
сплав,1
мост,1
дамба,1
водозаборный,1
перекачивать,1
механизм,1
рыба,1
кормовой,1
газ,1
местообитание,1
популяция,1
негативный,1
уничтожить,1
повредить,1
парковый,1
памятник,1
природа,1
соблюдать,1
маломерный,1
трактор,1
дорожностроительный,1
вызывающий,1
абсолютный,1
концентрация,1
суммарный,1
погрешность,1
измерение,1
невыполнение,1
технически,1
неисправный,1
коммуникация,1
безопасный,1
пешеход,1
капитан,1
терпеть,1
серьёзный,1
экипаж,1
маршрут,1
посадка,1
ворота,1
высота,1
представить,1
сигнал,1
оконечный,1
вредоносный,1
измена,1
материальнотехнический,1
консультационный,1
задание,1
деятель,1
мятеж,1
свержение,1
подрыв,1
обороноспособность,1
собирать,1
достояние,1
допуск,1
корпорация,1
компания,1
унитарный,1
акционерный,1
контрольный,1
пакет,1
принадлежать,1
войско,1
устав,1
получатель,1
роспись,1
ассигнование,1
смета,1
счётный,1
палата,1
льгота,1
попустительство,1
стократный,1
избирать,1
законодательный,1
ведомство,1
уполномочить,1
искажать,1
халатность,1
всесторонний,1
молчаливый,1
непричастный,1
деловой,1
попытка,1
неправосудный,1
донос,1
ложность,1
почерк,1
сравнительный,1
недопустимость,1
опись,1
побег,1
неприбытие,1
избранный,1
поднадзорный,1
благополучие,1
наделить,1
распорядительный,1
воспрепятствовать,1
прибытие,1
убежище,1
транзитный,1
проезд,1
адрес,1
облегчение,1
первичный,1
альтернативный,1
герб,1
флаг,1
самоуправство,1
какихлибо,1
оспариваться,1
миграция,1
пребывать,1
взаимоотношение,1
подчинённость,1
командировка,1
симуляция,1
отражение,1
внезапный,1
войсковой,1
патрулирование,1
гарнизон,1
патрульный,1
суточный,1
погибать,1
сбережение,1
летательный,1
аппарат,1
планирование,1
отрицание,1
трибунал,1
главный,1
европейский,1
страна,1
ося,1
одобрение,1
мировой,1
памятный,1
дата,1
отечество,1
символ,1
накопление,1
токсинный,1
военнопленный,1
депортация,1
разграбление,1
оккупировать,1
этнический,1
деторождение,1
переселение,1
рассчитать,1
способный,1
осложнение,1
подвергать,1
мирный,1
сосуществование,1
